
/index.html    /index    301
/about.html    /about    301
/journey.html  /journey  301
/recycle.html  /recycle  301
/data.html     /data     301
/contact.html  /contact  301


/index         /index.html    200
/about         /about.html    200
/journey       /journey.html  200
/recycle       /recycle.html  200
/data          /data.html     200
/contact       /contact.html  200

